기출년도,과목,문제,보기1,보기2,보기3,보기4,정답,해설,이미지
"2025","상법(보험편)","1. 상법상 보험계약의 법적 성질로 옳지 않은 것은?","1. 낙성ㆍ불요식계약성","2. 사행ㆍ선의계약성","3. 부합계약성","4. 유상ㆍ편무계약성","4","보험계약은 보험자와 보험계약자 쌍방이 의무를 지는 유상ㆍ쌍무계약입니다. 따라서 편무계약이라는 설명은 옳지 않습니다.",""
"2025","상법(보험편)","2. 상법상 타인을 위한 보험에 관한 설명으로 옳지 않은 것을 모두 고른 것은? ㄱ. 보험계약자는 위임을 받지 아니하고 타인을 위하여 보험계약을 체결할 수 없다. ㄴ. 타인을 위한 손해보험계약의 보험계약자가 그 타인에게 보험사고의 발생으로 생긴 손해의 배상을 한 때에는 보험계약자는 그 타인의 권리를 해하지 아니하는 범위안에서 보험자에게 보험금액의 지급을 청구할 수 있다. ㄷ. 보험계약자는 보험자에 대하여 보험료를 지급할 의무가 있다. ㄹ. 보험계약자가 파산선고를 받은 경우에 그 타인은 자신의 보험상 권리의 포기 여부에 관계없이 보험료를 지급할 의무가 있다.","1. ㄱ, ㄴ","2. ㄱ, ㄹ","3. ㄴ, ㄷ","4. ㄷ, ㄹ","2","ㄱ. 보험계약자는 위임을 받지 아니하고도 타인을 위하여 보험계약을 체결할 수 있습니다. ㄹ. 타인이 그 권리를 포기하지 아니하는 한 보험료를 지급할 의무가 있습니다.",""
"2025","상법(보험편)","3. 상법상 보험증권에 관한 설명으로 옳은 것은?","1. 보험계약자가 최초의 보험료를 지급하지 아니한 때에도 보험자는 보험계약이 성립한 때에는 지체없이 보험증권을 작성하여 보험계약자에게 교부하여야 한다.","2. 기존의 보험계약을 변경한 경우 보험자는 그 보험증권에 그 사실을 기재함으로써 보험증권의 교부에 갈음할 수 있다.","3. 보험계약의 당사자는 보험증권의 교부가 있은 날부터 14일 기간내에 한하여 그 증권 내용의 정부에 관한 이의를 할 수 있음을 약정할 수 있다.","4. 보험계약자가 보험증권을 현저하게 훼손하여 증권의 재교부를 청구한 경우 그 비용은 보험자가 부담하여야 한다.","2","기존 보험계약을 변경한 경우 보험자는 기존 증권에 그 사실을 기재함으로써 새로운 증권 교부를 갈음할 수 있습니다.",""
"2025","상법(보험편)","4. 상법상 보험사고에 관한 설명으로 옳은 것은?","1. 보험사고의 발생으로 보험자가 보험금액을 지급한 때에도 보험금액이 감액되지 아니하는 보험의 경우에는 보험계약자가 그 사고발생 후에 보험계약을 해지할 수 없다.","2. 보험계약 당시에 보험사고가 이미 발생하였음을 보험계약자가 알고 있었다면 그 계약은 무효으로 한다.","3. 보험계약 당시에 보험사고가 객관적으로 발생할 수 없음을 보험계약자와 보험자가 몰랐다면, 피보험자가 이를 알았더라도 그 계약은 무효로 볼 수 없다.","4. 계약전의 어느 시기를 보험기간의 시기(始期)로 한 보험계약은 무효이다.","2","보험계약 당시에 보험사고가 이미 발생하였음을 보험계약자 또는 피보험자가 알고 있었다면 그 계약은 무효입니다.",""
"2025","상법(보험편)","5. 상법상 보험대리상 등에 관한 설명으로 옳지 않은 것은?","1. 보험대리상은 보험계약자로부터 청약 등의 보험계약에 관한 의사표시를 수령할 수 있는 권한이 있다.","2. 보험자는 상법에 정해진 보험대리상의 권한을 제한할 수 없다.","3. 보험대리상이 아니면서 특정한 보험자를 위하여 계속적으로 보험계약의 체결을 중개하는 자는 보험자가 작성한 영수증을 보험계약자에게 교부하는 경우만 보험계약자로부터 보험료를 수령할 수 있는 권한이 있다.","4. 보험대리상은 피보험자가 보험계약에 관한 의사표시를 할 의무가 있는 경우 피보험자의 의사표시를 수령할 권한이 있다.","2","보험자는 보험대리상의 권한을 제한할 수 있습니다. 다만, 선의의 제3자에게 대항하지 못할 뿐입니다.",""
"2025","상법(보험편)","6. 상법상 보험료에 관한 설명으로 옳은 것은?","1. 보험계약의 일부가 무효인 경우에 보험계약자와 피보험자가 선의이며 중대한 과실이 없는 때에도 보험자에 대하여 보험료의 일부의 반환을 청구할 수 없다.","2. 보험계약의 전부가 무효인 경우에 보험계약자와 보험수익자가 선의이며 중대한 과실이 없는 때에도 보험자에 대하여 보험료의 반환을 청구할 수 없다.","3. 보험계약의 당사자가 특별한 위험을 예기하여 보험료의 액을 정한 경우에 보험기간중 그 예기한 위험이 소멸한 때에는 보험계약자는 그 후의 보험료의 감액을 청구할 수 있다.","4. 보험사고가 발생하기 전에 보험계약자가 보험계약의 전부를 해지한 경우에도 보험계약자는 당사자간에 다른 약정이 없으면 미경과보험료의 반환을 청구할 수 없다.","3","상법 제647조에 따라 특별한 위험을 예기하여 보험료를 정한 경우 위험이 소멸하면 보험료 감액을 청구할 수 있습니다.",""
"2025","상법(보험편)","7. 상법상 보험료의 지급에 관한 설명으로 옳은 것은?","1. 보험계약자가 계약체결후 지체없이 제1회 보험료를 지급하지 아니하는 경우에는 다른 약정이 없는 한 계약성립후 2월이 경과하면 그 계약은 해제된 것으로 본다.","2. 계속보험료가 약정한 시기에 지급되지 아니한 때에는 보험자는 바로 그 계약을 해지할 수 있다.","3. 타인을 위한 보험의 경우에 보험계약자가 보험료의 지급을 지체한 때에 보험자가 계약을 해지하기 위해서 그 타인에게 보험료 지급을 최고할 필요는 없다.","4. 보험자의 책임은 당사자간에 다른 약정이 없으면 보험계약자의 보험료 지급 여부에 관계없이 계약이 성립한 때부터 개시한다.","1","제1회 보험료를 지급하지 않은 상태에서 계약성립 후 2월이 경과하면 계약은 해제된 것으로 간주합니다.",""
"2025","상법(보험편)","8. 상법상 보험계약 부활에 관한 설명으로 옳은 것은?","1. 보험계약의 해지 사유에 관계없이 보험계약자는 보험계약의 부활을 청구할 수 있다.","2. 보험계약이 해지된 후 보험계약자가 해지환급금을 지급받은 뒤에도 해지환급금을 반환한다면 부활을 청구할 수 있다.","3. 보험계약자가 계약의 부활을 청구하는 경우 보험자는 이를 승낙하여야 한다.","4. 계속보험료의 연체로 인하여 보험계약이 해지되고 해지환급금이 지급되지 아니한 경우에 보험계약자는 일정한 기간내에 연체보험료에 약정이자를 붙여 보험자에게 지급하고 그 계약의 부활을 청구할 수 있다.","4","계속보험료 연체로 해지되고 해지환급금이 지급되지 않은 경우, 일정 기간 내에 연체보험료와 이자를 지급하고 부활을 청구할 수 있습니다.",""
"2025","상법(보험편)","9. 상법상 고지의무 위반으로 인한 계약해지에 관한 설명으로 옳지 않은 것은?","1. 보험자는 보험계약 당시에 보험계약자의 고지의무 위반 사실을 중대한 과실로 알지 못했던 때에는 계약을 해지할 수 없다.","2. 보험계약 당시에 피보험자가 경과실로 인하여 중요한 사항에 대하여 부실의 고지를 한 경우 보험자는 계약을 해지할 수 있다.","3. 보험자는 보험계약 당시에 피보험자의 고지의무 위반 사실을 알았던 경우에는 계약을 해지할 수 없다.","4. 보험계약 당시에 보험계약자가 고의로 중요한 사항을 고지하지 아니한 경우 보험자는 계약을 해지할 수 있다.","2","고지의무 위반은 고의 또는 중대한 과실이 있는 경우에만 해지할 수 있습니다. 경과실로 인한 경우는 해지 사유가 아닙니다.",""
"2025","상법(보험편)","10. 상법상 위험변경ㆍ증가에 관한 설명으로 옳지 않은 것은?","1. 보험계약자가 사고발생의 위험이 현저하게 변경ㆍ증가된 사실을 안 때에는 지체없이 보험자에게 통지하여야 한다.","2. 보험자가 위험변경ㆍ증가의 통지를 받은 때에는 1월내에 보험료의 증액을 청구할 수 있다.","3. 보험계약자의 고의로 인하여 사고발생의 위험이 현저하게 변경된 때에는 보험자는 그 사실을 안 날부터 1월내에 보험료의 증액을 청구할 수 있다.","4. 피보험자의 중대한 과실로 인하여 사고발생의 위험이 현저하게 증가된 때에는 보험자는 그 사실을 안 날부터 3월내에 계약을 해지할 수 있다.","4","피보험자의 중대한 과실로 위험이 증가한 경우 보험자는 그 사실을 안 날로부터 '1월' 내에 계약을 해지할 수 있습니다.",""
"2025","상법(보험편)","11. 상법상 보험사고 발생의 통지의무에 관한 설명으로 옳지 않은 것은?","1. 보험계약자가 통지의무를 위반할 경우 보험자는 보험금 전액의 지급책임을 면한다.","2. 피보험자는 보험사고의 발생을 안 때에는 지체없이 보험자에게 그 통지를 발송하여야 한다.","3. 보험수익자는 보험사고의 발생을 안 때에는 지체없이 보험자에게 그 통지를 발송하여야 한다.","4. 보험계약자가 통지의무를 해태함으로 인하여 손해가 증가된 때에는 보험자는 그 증가된 손해를 보상할 책임이 없다.","1","통지의무 위반 시 보험자는 통지의무 해태로 인하여 증가된 손해에 대해서만 책임을 면합니다. 전액 면책되는 것은 아닙니다.",""
"2025","상법(보험편)","12. 상법상 보험금액의 지급 및 면책사유에 관한 설명으로 옳은 것은?","1. 보험자가 지급할 보험금액을 정하면 그 정하여진 날부터 1개월 내에 보험금액을 지급하여야 한다.","2. 손해보험계약에서 보험사고가 보험계약자의 경과실로 인하여 생긴 때에는 보험자는 보험금액을 지급할 책임이 없다.","3. 손해보험계약에서 보험사고가 피보험자의 중과실로 인하여 생긴 때에는 보험자는 보험금액을 지급할 책임이 있다.","4. 손해보험계약에서 보험사고가 보험수익자의 경과실로 인하여 생긴 때에는 보험자는 보험금액을 지급할 책임이 없다.","3","손해보험에서 보험사고가 피보험자의 중대한 과실로 생긴 경우에도 보험자는 보험금을 지급할 책임이 있습니다.",""
"2025","상법(보험편)","13. 상법상 보험계약 관련 소멸시효에 관한 설명이다. ( )에 들어갈 숫자를 모두 합한 것으로 옳은 것은? [보험금청구권은 ( )년간, 보험료 또는 적립금의 반환청구권은 ( )년간, 보험료청구권은 ( )년간 행사하지 아니하면 시효의 완성으로 소멸한다.]","1. 6","2. 7","3. 8","4. 9","3","보험금청구권 3년, 반환청구권 3년, 보험료청구권 2년입니다. 합계는 8입니다.",""
"2025","상법(보험편)","14. 상법상 손해보험증권에 기재하여야 할 사항으로 옳은 것은?","1. 청약철회 사유","2. 보험료의 계산방법","3. 보험자의 면책에 관한 사항","4. 보험사고의 성질","4","상법 제666조에 따라 보험사고의 성질은 손해보험증권의 법정 기재사항입니다.",""
"2025","상법(보험편)","15. 상법상 초과보험에 관한 설명으로 옳지 않은 것은?","1. 보험가액이 보험금액을 현저하게 초과한 때에는 보험자 또는 보험계약자는 보험료와 보험금액의 감액을 청구할 수 있다.","2. 보험가액이 보험기간 중에 현저하게 감소한 때에는 보험자 또는 보험계약자는 보험료와 보험금액의 감액을 청구할 수 있다.","3. 보험계약자의 사기로 인하여 초과보험 계약이 체결된 때에는 그 계약은 무효가 된다.","4. 사기로 인한 초과보험 계약이 체결되어 무효가 된 경우 보험자는 그 사실을 안 때까지의 보험료를 청구할 수 있다.","1","보험가액이 보험금액을 현저하게 초과하는 경우는 '일부보험'이며, 초과보험은 보험금액이 가액을 초과하는 경우입니다.",""
"2025","상법(보험편)","16. 상법상 기평가보험과 미평가보험에 관한 설명으로 옳은 것은?","1. 당사자간에 보험가액을 정한 때에는 그 가액은 사고발생시의 가액으로 정한 것으로 간주한다.","2. 협정보험가액이 사고발생시의 가액을 현저하게 초과할 때에는 협정보험가액을 보험가액으로 한다.","3. 당사자간에 보험가액을 정하지 아니한 때에는 사고발생시의 가액을 보험가액으로 한다.","4. 보험가액을 정하지 않은 경우 그 보험계약은 무효로 한다.","3","당사자간에 보험가액을 정하지 않은 미평가보험의 경우, 사고발생시의 가액을 보험가액으로 합니다.",""
"2025","상법(보험편)","17. 甲은 자신이 소유한 건물(보험가액 20억원)에 대하여 A보험자와 15억원의 화재보험계약을 체결하고, B보험자와 10억원의 화재보험계약을 체결하였다. 해당 건물이 화재로 전부 멸실하였을 경우의 법률관계에 관한 설명으로 옳은 것은? (단, 보험기간은 동일하고, 보험자의 면책사유는 없으며, 甲의 사기도 없었다고 가정함)","1. A보험자는 甲에게 보험금으로 8억원을 지급할 책임이 있다.","2. B보험자는 甲에게 보험금으로 6억원을 지급할 책임이 있다.","3. B보험자가 보험금을 지급하지 않은 경우 A보험자는 甲에게 보험금으로 12억원을 지급하여야 한다.","4. B보험자가 보험금을 지급하지 않을 경우 자신이 지급해야 할 몫의 보험금을 지급한 A보험자는 B보험자를 상대로 3억원의 구상권을 행사할 수 있다.","4","중복보험의 경우 각 보험자는 보험금액의 한도 내에서 연대책임을 지며, 내부적으로는 보험금액 비율로 부담합니다. A는 12억, B는 8억을 부담하므로 B가 미지급 시 A는 한도 내 전액인 15억까지 줄 수 있고, 이후 B에게 구상 가능합니다.",""
"2025","상법(보험편)","18. 상법상 일부보험에 관한 설명으로 옳지 않은 것은?","1. 보험금액이 보험가액에 미달하는 보험을 말한다.","2. 보험가액의 일부를 보험에 붙인 경우에 발생한다.","3. 보험금액의 보험가액에 대한 비율에 관하여 당사자 사이에 다르게 약정하면 보험자는 보험금액의 한도내에서 책임을 지게 된다.","4. 일부보험의 보험가액 산정기준은 언제나 계약 체결시로 한다.","4","보험가액의 산정기준은 원칙적으로 사고발생시의 가액입니다. 계약 체결시를 기준으로 하는 것은 기평가보험의 경우입니다.",""
"2025","상법(보험편)","19. 상법상 보험목적의 양도에 관한 설명으로 옳은 것은?","1. 보험의 목적의 양도인 또는 양수인은 보험자에 대하여 지체없이 그 사실을 통지하여야 한다.","2. 피보험자가 보험의 목적을 양도한 때에는 양수인은 보험계약상의 권리만을 승계한다.","3. 피보험자가 보험의 목적을 양도한 때에는 양도인과 양수인이 공동으로 보험자에게 통지하여야 한다.","4. 피보험자가 보험의 목적을 양도한 때에는 양수인은 보험계약상의 의무를 승계한 것으로 간주한다.","1","보험 목적 양도 시 양도인 또는 양수인은 보험자에게 지체 없이 사실을 통지해야 합니다.",""
"2025","상법(보험편)","20. 상법상 손해방지의무에 관한 설명으로 옳지 않은 것은?","1. 보험계약자는 손해방지를 위해 노력해야 한다.","2. 피보험자는 보험사고가 발생한 경우 손해의 경감을 위해 노력해야 한다.","3. 보험계약자가 손해방지의무의 이행에 필요했던 비용과 보상액이 보험금액을 초과한 경우 그 초과부분은 보험계약자가 부담한다.","4. 손해방지의무의 주체는 보험계약자와 피보험자이다.","3","손해방지비용은 보험금액을 초과하더라도 보험자가 부담해야 합니다.",""
"2025","상법(보험편)","21. 상법상 보험목적에 관한 보험대위(잔존물대위)의 설명으로 옳은 것은?","1. 보험목적의 전부가 멸실한 경우에 보험금액 전부를 지급한 보험자는 그 목적에 대한 피보험자의 권리를 취득한다.","2. 보험자가 전체 보험금의 일부를 지급한 경우에도 그 지급에 비례하여 보험대위가 성립한다.","3. 잔존하는 보험목적에 관한 피보험자의 권리가 보험자에게 이전하는 시점은 보험자가 보험금을 청구받은 때이다.","4. 일부보험에서는 잔존물대위가 성립할 여지가 없다.","1","보험 목적이 전부 멸실하고 보험금 전부를 지급한 경우 보험자는 그 목적에 대한 권리를 취득합니다.",""
"2025","상법(보험편)","22. 상법상 손해보험에서 제3자에 대한 보험대위에 관한 설명으로 옳지 않은 것은?","1. 손해가 제3자의 행위로 인하여 발생한 경우에 보험금을 지급한 보험자는 그 지급한 금액의 한도에서 그 제3자에 대한 보험계약자 또는 피보험자의 권리를 취득하는 것으로 추정한다.","2. 보험자가 보상할 보험금의 일부를 지급한 경우에 보험자는 피보험자의 권리를 침해하지 아니하는 범위에서 그 권리를 행사할 수 있다.","3. 손해가 보험계약자와 생계를 같이 하는 가족의 고의로 인하여 발생한 경우 보험금을 지급한 보험자는 그 지급한 금액의 한도에서 그 권리를 취득한다.","4. 제3자에 대한 보험대위의 취지는 이득금지 원칙의 실현과 부당한 면책의 방지에 있다.","1","보험금 지급 시 보험자는 당연히 제3자에 대한 권리를 취득하는 것이지, 취득하는 것으로 '추정'하는 것이 아닙니다.",""
"2025","상법(보험편)","23. 상법상 집합보험에 관한 설명으로 옳지 않은 것은?","1. 집합보험은 경제적으로 보아 독립된 수개의 물건을 마치 하나의 물건(집합물)처럼 취급하여 보험목적으로 한 것이다.","2. 집합된 물건을 일괄하여 보험의 목적으로 한 때에는 피보험자의 가족의 물건도 보험 목적에 포함되는 것으로 한다.","3. 집합된 물건을 일괄하여 보험의 목적으로 한 때에는 피보험자에게 고용된 사용자의 물건은 보험목적에 포함되지 않는다.","4. 집합된 물건을 일괄하여 보험의 목적으로 한 때에는 그 목적에 속한 물건이 보험기간 중에 수시로 교체된 경우에도 보험사고의 발생 시에 현존한 물건은 보험의 목적에 포함된 것으로 한다.","3","집합보험에서 피보험자의 가족뿐만 아니라 고용된 사용자의 물건도 보험의 목적에 포함된 것으로 봅니다.",""
"2025","상법(보험편)","24. 상법상 손해보험에 관한 설명으로 옳은 것은?","1. 보험계약은 금전으로 산정할 수 없는 이익에 대해서도 보험계약의 목적으로 할 수 있다.","2. 보험자는 보험사고로 인하여 부담할 책임에 대하여 다른 보험자와 재보험계약을 체결할 수 있다.","3. 화재보험에서 동산을 보험의 목적으로 한 때에는 보험증권에 그 위치한 장소를 기재하면 되고 그 상태나 용도까지 기재할 필요는 없다.","4. 보험자가 보상할 손해액의 산정에 관한 비용은 보험계약자의 부담으로 한다.","2","보험자는 자신이 인수한 위험을 다시 다른 보험자에게 재보험으로 가입할 수 있습니다.",""
"2025","상법(보험편)","25. 상법상 화재보험증권에 기재해야 할 사항으로 옳은 것을 모두 고른 것은? ㄱ. 보험계약자의 주소와 성명 및 주민등록번호 ㄴ. 보험기간을 정한 때에는 그 시기와 종기 ㄷ. 건물을 보험의 목적으로 한 때에는 그 소재지, 구조와 용도 ㄹ. 보험가액을 정한 때에는 그 가액 ㅁ. 보험금액과 그 지급방법 및 시기","1. ㄱ, ㄴ, ㅁ","2. ㄱ, ㄷ, ㅁ","3. ㄴ, ㄷ, ㄹ","4. ㄱ, ㄴ, ㄷ, ㄹ, ㅁ","3","주민등록번호는 기재사항이 아니며, 지급방법 및 시기도 공통 기재사항이나 화재보험 고유 기재사항인 ㄴ, ㄷ, ㄹ이 핵심입니다. ㄴ, ㄷ, ㄹ은 상법 제685조의 기재사항입니다.",""
"2025","농어업재해보험법령","26. 농어업재해보험법령상 재해보험 발전 기본계획 및 시행계획의 수립․시행에 관한 설명으로 옳은 것은?","1. 농림축산식품부장관과 해양수산부장관은 기본계획을 3년마다 수립ㆍ시행하여야 한다.","2. 재해보험의 대상 품목에 관한 사항은 기본계획에 포함되지 않는다.","3. 농림축산식품부장관과 해양수산부장관은 기본계획에 따라 2년마다 시행계획을 수립ㆍ시행하여야 한다.","4. 농림축산식품부장관은 시행계획의 수립ㆍ시행을 위하여 필요한 경우에는 지방자치단체의 장에게 관련 정보의 제공을 요청할 수 있다.","4","주무부장관은 시행계획 수립 시 지자체 장에게 관련 정보 제공을 요청할 수 있습니다. 기본계획은 5년마다 수립합니다.",""
"2025","농어업재해보험법령","27. 농어업재해보험법령상 농업재해보험심의회(이하 “심의회”라 한다) 및 분과위원회에 관한 설명으로 옳은 것은?","1. 심의회의 위원장은 농림축산식품부장관으로 하고, 부위원장은 위원 중에서 호선(互選)한다.","2. 심의회의 회의는 재적위원 3분의 1의 출석으로 개의(開議)하고, 출석위원 과반수의 찬성으로 의결한다.","3. 심의회는 그 심의 사항을 검토ㆍ조정하고, 심의회의 심의를 보조하게 하기 위하여 심의회에 분과위원회를 둔다.","4. 분과위원회는 분과위원장 1명을 포함한 5명 이내의 분과위원으로 성별을 고려하여 구성한다.","3","심의회는 효율적 운영을 위해 분야별 분과위원회를 둘 수 있습니다. 위원장은 차관이 맡습니다.",""
"2025","농어업재해보험법령","28. 농어업재해보험법령상 농작물재해보험 손해평가인의 자격요건에 관한 규정의 일부이다. ( )에 들어갈 숫자는? ○ 교원으로 고등학교에서 농작물재배 분야 관련 과목을 ( ㄱ )년 이상 교육한 경력이 있는 사람 ○ 조교수 이상으로 ｢고등교육법｣ 제2조에 따른 학교에서 농작물재배 관련학을 ( ㄴ )년 이상 교육한 경력이 있는 사람","1. ㄱ: 3, ㄴ: 2","2. ㄱ: 3, ㄴ: 3","3. ㄱ: 5, ㄴ: 3","4. ㄱ: 5, ㄴ: 5","3","고등학교 교원은 5년 이상, 조교수 이상은 3년 이상입니다.",""
"2025","농어업재해보험법령","29. 농어업재해보험법령상 보험금의 수급 및 보험목적물의 양도에 관한 설명으로 옳지 않은 것은?","1. 재해보험사업자는 정보통신장애로 보험금을 보험금수급계좌로 이체할 수 없을 때에는 현금으로 보험금을 지급할 수 있다.","2. 농작물의 재생산에 직접적으로 소요되는 비용의 보장을 목적으로 보험금수급전용계좌로 입금된 보험금의 경우 입금된 보험금 전액에 관한 채권을 압류할 수 있다.","3. 보험금수급전용계좌의 해당 금융기관은 ｢농어업재해보험법｣에 따른 보험금만이 보험금수급전용계좌에 입금되도록 관리하여야 한다.","4. 재해보험가입자가 재해보험에 가입된 보험목적물을 양도하는 경우 그 양수인은 재해보험계약에 관한 양도인의 권리 및 의무를 승계한 것으로 추정한다.","2","보험금수급전용계좌로 입금된 보험금 중 압류금지 금액에 해당하는 채권은 압류할 수 없습니다.",""
"2025","농어업재해보험법령","30. 농어업재해보험법령상 농림축산식품부장관이 재해보험사업을 하려는 자와 재해보험사업의 약정을 체결할 때에 약정서에 포함되어야 하는 사항이 아닌 것은?","1. 국가에 대한 재정지원","2. 약정기간","3. 약정의 변경ㆍ해지 등","4. 재해보험사업의 약정을 체결한 자가 준수하여야 할 사항","1","국가에 대한 재정지원은 법령에 근거한 사항으로 약정서의 필수 포함 사항은 아닙니다.",""
"2025","농어업재해보험법령","31. 농어업재해보험법령상 손해평가사의 시험에 관한 설명으로 옳은 것은?","1. 손해평가인으로 위촉된 기간이 2년이 된 사람은 손해평가사 제1차 시험의 일부과목을 면제한다.","2. 농림축산식품부장관은 거짓으로 손해평가를 한 사람에 대하여 손해평가사 자격을 취소하여야 한다.","3. 농림축산식품부장관은 손해평가사의 자격을 부정한 방법으로 취득한 사람에 대하여 손해평가사 자격을 취소하여야 한다.","4. 손해평가사 자격이 취소된 사람은 그 취소 처분이 있은 날부터 3년이 지나지 아니한 경우 손해평가사 자격시험에 응시하지 못한다.","3","부정한 방법으로 자격을 취득한 경우 장관은 그 자격을 취소하여야 합니다.",""
"2025","농어업재해보험법령","32. 농어업재해보험법령상 용어의 정의로 옳지 않은 것은?","1. “어업재해”란 양식수산물 및 어업용 시설물에 발생하는 자연재해ㆍ병충해ㆍ조수해(鳥獸害)를 말한다.","2. “농어업재해보험”이란 농어업재해로 발생하는 재산 피해에 따른 손해를 보상하기 위한 보험을 말한다.","3. “보험가입금액”이란 보험가입자의 재산 피해에 따른 손해가 발생한 경우 보험에서 최대로 보상할 수 있는 한도액으로서 보험가입자와 보험사업자 간에 약정한 금액을 말한다.","4. “보험료”란 보험가입자와 보험사업자 간의 약정에 따라 보험가입자가 보험사업자에게 내야 하는 금액을 말한다.","1","농어업재해보험법상 농업재해와 어업재해의 정의가 다르며, '어업재해'에는 병충해가 포함되지 않습니다.",""
"2025","농어업재해보험법령","33. 농어업재해보험법령상 재정지원에 관한 설명으로 옳지 않은 것은?","1. 정부는 예산의 범위에서 재해보험사업자의 재해보험의 운영 및 관리에 필요한 비용의 전부 또는 일부를 지원할 수 있다.","2. 지방자치단체는 재해보험가입자가 부담하는 보험료를 지원할 수 없다.","3. 정부는 예산의 범위에서 재해보험가입자가 부담하는 보험료의 일부를 지원할 수 있다.","4. ｢풍수해ㆍ지진재해보험법｣에 따른 풍수해ㆍ지진재해보험에 가입한 자가 동일한 보험 목적물을 대상으로 재해보험에 가입할 경우에는 정부가 재정지원을 하지 아니한다.","2","지방자치단체는 조례 등에 따라 보험가입자가 부담하는 보험료의 일부를 지원할 수 있습니다.",""
"2025","농어업재해보험법령","34. 농어업재해보험법령상 농림축산식품부장관 또는 해양수산부장관이 농업정책보험금융원에 위탁할 수 있는 업무가 아닌 것은?","1. 손해평가인력의 육성","2. 재해보험사업의 관리ㆍ감독","3. 손해평가사 자격시험의 실시 및 관리","4. 재해 관련 통계 생산 및 데이터베이스 구축ㆍ분석","3","손해평가사 자격시험의 실시는 한국산업인력공단에 위탁하고 있습니다.",""
"2025","농어업재해보험법령","35. 농어업재해보험법령상 벌칙에 관한 규정이다. ( )에 들어갈 내용은? 재해보험사업자가 ｢농어업재해보험법｣ 제10조제2항에서 준용하는 ｢보험업법｣ 제95조를 위반하여 보험안내를 한 경우에는 ( ㄱ ) 이하의 ( ㄴ )을(를) 부과한다.","1. ㄱ: 500만원, ㄴ: 과태료","2. ㄱ: 1,000만원, ㄴ: 과태료","3. ㄱ: 1,000만원, ㄴ: 벌금","4. ㄱ: 2,000만원, ㄴ: 벌금","2","준용 규정 위반 시 1,000만원 이하의 과태료를 부과합니다.",""
"2025","농어업재해보험법령","36. 농어업재해보험법령상 농어업재해재보험기금(이하 “기금”이라 한다)에 관한 설명으로 옳지 않은 것은?","1. 기금은 농림축산식품부장관이 해양수산부장관과 협의하여 관리ㆍ운용한다.","2. 기금의 관리ㆍ운용에 필요한 경비(위탁경비 포함)의 지출은 기금의 용도에 해당한다.","3. 농림축산식품부장관은 농업정책보험금융원과 협의를 거쳐 기금의 관리ㆍ운용에 관한 사무의 일부를 해양수산부장관에게 위탁할 수 있다.","4. 농림축산식품부장관은 해양수산부장관과 협의하여 기금의 수입과 지출에 관한 사무를 수행하게 하기 위하여 소속 공무원 중에서 기금수입징수관을 임명한다.","3","장관은 기금의 관리 및 운용에 관한 사무의 '전부 또는 일부'를 위탁할 수 있습니다.",""
"2025","농어업재해보험법령","37. 농어업재해보험법령상 농어업재해재보험기금을 조성하는 재원이 아닌 것은?","1. 재보험금의 회수 자금","2. 정부 외의 자로부터 받은 출연금","3. 농어업재해재보험기금의 운용수익금","4. 재해보험가입자가 재해보험사업자에게 내야 할 보험료의 회수 자금","4","가입자가 내는 보험료는 재해보험사업자의 수입이며 기금의 직접적 조성 재원은 아닙니다.",""
"2025","농어업재해보험법령","38. 농업재해보험 손해평가요령상 손해평가 업무 및 손해평가인 위촉에 관한 설명으로 옳지 않은 것은?","1. 재해보험사업자는 손해평가보조인을 운용할 수 없다.","2. 피해사실 확인은 손해평가 업무에 포함된다.","3. 손해평가인은 손해평가 임무를 수행하기 전에 보험가입자(피보험자 포함)에게 손해평가인증 등 신분을 확인할 수 있는 서류를 제시하여야 한다.","4. 재해보험사업자는 피해 발생 시 원활한 손해평가가 이루어지도록 농업재해보험이 실시되는 시ㆍ군ㆍ자치구별 보험가입자(피보험자 포함)의 수 등을 고려하여 적정 규모의 손해평가인을 위촉할 수 있다.","1","재해보험사업자는 원활한 업무 수행을 위해 손해평가보조인을 운용할 수 있습니다.",""
"2025","농어업재해보험법령","39. 농업재해보험 손해평가요령상 농업재해보험에 해당하는 것을 모두 고른 것은? ㄱ. 가축재해보험 ㄴ. 임산물재해보험 ㄷ. 농업인안전보험 ㄹ. 양식수산물재해보험","1. ㄱ, ㄴ","2. ㄴ, ㄷ","3. ㄱ, ㄷ, ㄹ","4. ㄱ, ㄴ, ㄷ, ㄹ","1","농업재해보험에는 가축재해보험과 농작물재해보험(임산물 포함)이 해당됩니다. 양식수산물은 어업재해보험 소관입니다.",""
"2025","농어업재해보험법령","40. 농업재해보험 손해평가요령상 손해평가인 정기교육의 세부내용에 해당하지 않는 것은?","1. 농업재해보험상품의 개선ㆍ개발계획","2. 농업재해보험 상품 주요내용 및 약관 일반 사항","3. 보험목적물별 손해평가 기준 및 피해유형별 보상사례","4. 농어업재해보험법 제정 배경ㆍ구성 및 조문별 주요내용","1","상품의 개선 및 개발계획은 정책적 사항으로 손해평가인 교육 내용에 포함되지 않습니다.",""
"2025","농어업재해보험법령","41. 농업재해보험 손해평가요령상 재해보험사업자의 손해평가반 구성에 관한 설명으로 옳은 것은?","1. 손해평가반은 10인 이내로 한다.","2. 손해평가반별로 평가일정계획을 수립해야 하는 것은 아니다.","3. 자기와 생계를 같이 하지 않는 친족이 가입한 보험계약에 관한 손해평가에 대하여는 해당자를 손해평가반 구성에서 배제하여야 한다.","4. 직전 손해평가일로부터 30일 이내의 보험가입자간 상호 손해평가에 대하여는 해당자를 손해평가반 구성에서 배제하여야 한다.","4","직전 손해평가일로부터 30일 이내의 상호 손해평가는 배제하여야 합니다.",""
"2025","농어업재해보험법령","42. 농업재해보험 손해평가요령상 손해평가결과 검증에 관한 설명으로 옳은 것은?","1. 농림축산식품부장관은 손해평가결과를 확인하기 위하여 손해평가를 실시한 보험목적물 전부에 대하여 검증조사를 할 수 있다.","2. 농림축산식품부장관은 재해보험사업자로 하여금 손해평가결과 검증조사를 하게 할 수 있다.","3. 손해평가결과 검증조사 이후 재조사를 위한 절차를 두지 않고 있다.","4. 농림축산식품부장관이 검증조사를 실시한 경우 그 결과를 손해평가인에게 통보해야 한다.","2","장관은 재해보험사업자로 하여금 손해평가결과 검증조사를 하게 할 수 있습니다.",""
"2025","농어업재해보험법령","43. 농업재해보험 손해평가요령상 교차손해평가에 관한 설명이다. ( )에 들어갈 내용으로 옳은 것은? [재해보험사업자가 교차손해평가를 위해 손해평가반을 구성할 경우에는 교차손해평가 대상 시ㆍ군ㆍ자치구 내에서 손해평가 경력, 타지역 조사 가능여부 등을 고려하여 교차손해평가를 담당하기 위해 선발된 ( ㄱ ) ( ㄴ )인 이상이 포함되어야 한다.]","1. ㄱ: 손해평가사, ㄴ: 1","2. ㄱ: 손해평가사, ㄴ: 2","3. ㄱ: 지역손해평가인, ㄴ: 1","4. ㄱ: 지역손해평가인, ㄴ: 2","3","교차손해평가반에는 지역손해평가인 1인 이상이 포함되어야 합니다.",""
"2025","농어업재해보험법령","44. 농업재해보험 손해평가요령상 보험목적물별 손해평가단위에 관한 설명으로 옳지 않은 것은?","1. 농작물은 농지별로 한다.","2. 벌은 벌통단위로 한다.","3. 농업시설물은 보험가입목적물별로 한다.","4. 농지는 하나의 보험가입금액에 해당하는 토지로서, 개별 필지(지번)가 하나의 농지가 된다.","4","농지는 하나의 보험가입금액에 해당하는 토지가 아니라, '지번과 관계없이 농작물을 재배하는 하나의 경작지' 단위를 말합니다.",""
"2025","농어업재해보험법령","45. 농업재해보험 손해평가요령상 종합위험방식 이앙ㆍ직파불능 보장에서 “벼”이고 보험가입금액이 100만원인 경우, 산정한 보험금은?","1. 10만원","2. 15만원","3. 20만원","4. 25만원","2","이앙ㆍ직파불능 보험금은 보험가입금액의 15%를 지급합니다. 100만원 * 15% = 15만원입니다.",""
"2025","농어업재해보험법령","46. 농업재해보험 손해평가요령상 종합위험방식 나무손해 보장의 경우, 다음의 조건으로 산정한 보험금은? [보험가입금액: 100만원, 자기부담비율: 20%, 피해주수(고사된 나무): 50그루, 실제결과주수: 100그루]","1. 10만원","2. 15만원","3. 20만원","4. 30만원","4","피해율 = 50 / 100 = 50%. 보험금 = 보험가입금액 * (피해율 - 자기부담비율) = 100만 * (0.5 - 0.2) = 30만원입니다.",""
"2025","농어업재해보험법령","47. 농업재해보험 손해평가요령 “[별표 1] 농작물의 보험금 산정”의 일부이다. ( )에 들어갈 내용으로 옳은 것은? [구분: 종합위험방식 / 보장범위: 과실손해 추가보장 / 산정내용: 보험가입금액 × ( ) × 10%]","1. 결과지피해율","2. 자기부담비율","3. 면적피해율","4. 주계약피해율","4","감귤 과실손해 추가보장 보험금 산정 시 주계약피해율을 사용합니다.",""
"2025","농어업재해보험법령","48. 농업재해보험 손해평가요령 “[별표 2] 농작물의 품목별ㆍ재해별ㆍ시기별 손해수량 조사방법”의 일부이다. ( )에 들어갈 내용으로 옳은 것은? [생육시기: 적과 후 / 조사내용: 적과 후 착과수 조사 / 조사시기: ( ) / 조사방법: 표본조사]","1. 적과 종료 후","2. 수확 직전","3. 사고접수 후 지체 없이","4. 피해 확인이 가능한 시기","1","적과 후 착과수 조사는 통상 적과 종료 후에 실시합니다.",""
"2025","농어업재해보험법령","49. 농업재해보험 손해평가요령의 재검토기한에 관한 규정이다. ( )에 공통으로 들어갈 숫자는? [농림축산식품부장관은 이 고시에 대하여 2024년 1월 1일 기준으로 매 ( )년이 되는 시점(매 ( )년째의 12월 31일까지를 말한다)마다 그 타당성을 검토하여 개선 등의 조치를 하여야 한다.]","1. 2","2. 3","3. 4","4. 5","2","행정규칙의 재검토기한은 통상 3년으로 설정됩니다.",""
"2025","농어업재해보험법령","50. 농업재해보험 손해평가요령상 가축의 보험가액 및 손해액 산정에 관한 설명으로 옳은 것을 모두 고른 것은? ㄱ. 가축에 대한 보험가액은 보험사고가 발생한 때와 곳에서 평가한 보험목적물의 수량에 적용가격을 곱하여 산정한다. ㄴ. 가축에 대한 손해액은 보험사고가 발생한 때와 곳에서 폐사 등 피해를 입은 보험목적물의 수량에 적용가격을 곱하여 산정한다. ㄷ. 보험가입당시 보험가액 및 손해액 산정방식에 대해서는 보험가입자와 재해보험사업자가 별도로 정할 수 없다.","1. ㄱ","2. ㄱ, ㄴ","3. ㄴ, ㄷ","4. ㄱ, ㄴ, ㄷ","2","ㄱ, ㄴ은 맞으며, ㄷ의 경우 당사자 간의 약정으로 별도로 정할 수 있는 경우가 있으므로 틀립니다.",""
"2025","재배학 및 원예작물학","51. 식물분류학에서 과명(family name)과 과수작물이 올바르게 연결되지 않은 것은?","1. 녹나무과 - 아보카도","2. 장미과 - 서양배","3. 참나무과 - 밤","4. 진달래과 - 망고","4","망고는 옻나무과에 속합니다. 진달래과에는 블루베리 등이 속합니다.",""
"2025","재배학 및 원예작물학","52. 상토로 사용되는 유기질 재료를 모두 고른 것은? ㄱ. 수태 ㄴ. 펄라이트 ㄷ. 피트모스 ㄹ. 버미큘라이트","1. ㄱ, ㄷ","2. ㄱ, ㄹ","3. ㄴ, ㄷ","4. ㄴ, ㄹ","1","수태와 피트모스는 유기질 재료이며, 펄라이트와 버미큘라이트는 무기질(광물) 재료입니다.",""
"2025","재배학 및 원예작물학","53. 시설 내 염류집적에 관한 대책을 올바르게 나열한 것은?","1. 심경, 객토","2. 양분흡수 억제, 다비 재배","3. 흡비작물 재배, 표면 관수","4. 담수 처리, 강우 차단","1","심경(깊이갈이)과 객토는 염류 농도를 낮추는 대표적인 물리적 대책입니다.",""
"2025","재배학 및 원예작물학","54. 미세한 종자를 파종한 파종상이나 화분의 배수공을 통하여 물이 스며 올라가도록 하는 관수방법은?","1. 고랑관수","2. 분수관수","3. 점적관수","4. 저면관수","4","모세관 현상을 이용하여 밑에서 위로 물을 공급하는 방식은 저면관수입니다.",""
"2025","재배학 및 원예작물학","55. 식물의 고온장해에 관한 설명으로 옳지 않은 것은?","1. 온도가 높으면 상대습도가 높아져서 증산과 증발이 모두 많아 토양수분 부족으로 작물이 한발의 피해를 받기 쉽다.","2. 고온에서 물질이 분해될 때 암모니아에 의해 장해를 받을 수 있다.","3. 고온에서 당이 축적되지 않아 과실과 채소는 단맛이 없어지고 생육이 억제된다.","4. 고온에서 세포막 지방의 유동성이 커진다.","1","온도가 높으면 통상 상대습도는 낮아지며, 이로 인해 증산이 촉진되어 수분 부족이 발생합니다.",""
"2025","재배학 및 원예작물학","56. 온도 적응성에 따라 원예작물을 구분할 때 호온성 작물과 호랭성 작물로 올바르게 연결된 것은?","1. 가지 - 장미","2. 고추 - 국화","3. 복숭아 - 백합","4. 상추 - 사과","2","고추는 대표적인 호온성 작물이며, 국화는 비교적 서늘한 기후를 좋아하는 호랭성 작물입니다.",""
"2025","재배학 및 원예작물학","57. 다음이 설명하는 식물호르몬은? ○ 수분스트레스에 대한 방어기능을 조절한다. ○ 기공폐쇄에 중요한 역할을 한다. ○ 휴면유도와 탈리를 촉진한다.","1. 옥신(auxin)","2. 시토키닌(cytokinin)","3. 아브시스산(abscisic acid)","4. 에틸렌(ethylene)","3","아브시스산(ABA)은 스트레스 호르몬으로 기공 폐쇄와 휴면 유도를 담당합니다.",""
"2025","재배학 및 원예작물학","58. 식물 생육과 광질에 관한 설명으로 옳지 않은 것은?","1. 청색광은 카르티노이드계의 색소 생성을 촉진한다.","2. 자외선은 신장을 억제하고 엽육을 두껍게 한다.","3. 청색광은 광합성․광주기성을 주도한다.","4. 자외선은 안토시아닌계 색소의 발현을 촉진한다.","3","광합성에 가장 효과적인 광은 적색광이며, 청색광도 기여하나 주도는 적색광입니다.",""
"2025","재배학 및 원예작물학","59. 풍해에 관한 설명으로 옳지 않은 것은?","1. 작물의 도장을 유발한다.","2. 작물의 낙과를 발생시킨다.","3. 작물의 도복 피해가 일어난다.","4. 벼의 청미, 변색미 발생을 증가시킨다.","1","강한 바람은 식물의 마디 사이를 짧게 하여 신장을 억제하며, 도장(웃자람)은 광부족 시 발생합니다.",""
"2025","재배학 및 원예작물학","60. A지역의 사과농가는 국지적으로 피해를 받아 과실에 상처가 나고 멍들어 정상적인 판매를 하지 못하였다. 이러한 피해증상의 원인은?","1. 저온","2. 염분","3. 우박","4. 황사","3","과실에 상처를 입히고 타박상을 주는 국지적 기상 재해는 우박입니다.",""
"2025","재배학 및 원예작물학","61. 종자의 수명을 연장하는 방법으로 옳지 않은 것은?","1. 저온에서 저장한다.","2. 산소를 공급한다.","3. 흡습을 방지한다.","4. 종자를 건조시킨다.","2","종자 저장 시 산소 농도를 낮추는 것이 호흡을 억제하여 수명 연장에 유리합니다.",""
"2025","재배학 및 원예작물학","62. 자라고 있는 곳에서 다른 곳으로 옮겨 심는 방법은?","1. 경화","2. 왜화","3. 배토","4. 이식","4","식물을 원래의 장소에서 다른 곳으로 옮겨 심는 것을 이식이라고 합니다.",""
"2025","재배학 및 원예작물학","63. 인경으로 번식하는 작물을 모두 고른 것은? ㄱ. 백합 ㄴ. 마늘 ㄷ. 칸나 ㄹ. 감자","1. ㄱ, ㄴ","2. ㄱ, ㄹ","3. ㄴ, ㄷ","4. ㄷ, ㄹ","1","백합과 마늘은 비늘줄기(인경)이며, 칸나는 근경, 감자는 괴경입니다.",""
"2025","재배학 및 원예작물학","64. 무균상태에서 인공배지에 배양하여 다량의 식물을 생산하는 번식방법은?","1. 취목","2. 숙지삽","3. 엽병삽","4. 조직배양","4","인공배지와 무균 조건을 이용하는 배양 방식은 조직배양입니다.",""
"2025","재배학 및 원예작물학","65. 식물의 필수원소에 관한 설명으로 옳지 않은 것은?","1. 다량원소는 결핍현상이 쉽게 나타나므로 추가적으로 공급해야 한다.","2. 토양 중에서는 N, P, K를 비료의 3요소라 한다.","3. 질소는 질산태질소와 암모니아태질소로 식물에 흡수된다.","4. 다량원소에는 C, H, O, N, S, P, K, Ca, Mg, Fe가 있다.","2","비료의 3요소는 N, P, K입니다. 토양 전체의 성분 구성과는 구분됩니다.",""
"2025","재배학 및 원예작물학","66. 과수 화상병의 병원균은?","1. 진균","2. 세균","3. 바이러스","4. 바이로이드","2","과수 화상병은 세균(Bacteria)에 의해 발생하는 병입니다.",""
"2025","재배학 및 원예작물학","67. 저온춘화형 채소작물 중 녹식물춘화형에 속하는 것을 올바르게 나열한 것은?","1. 양배추, 양파","2. 상추, 배추","3. 브로콜리, 부추","4. 무, 순무","1","양배추와 양파는 일정한 크기 이상의 식물체 상태에서 저온을 받아야 화아분화가 일어나는 녹식물춘화형입니다.",""
"2025","재배학 및 원예작물학","68. 생리적 성숙 시 수확하는 채소류가 아닌 것은?","1. 토마토","2. 브로콜리","3. 수박","4. 딸기","2","브로콜리는 꽃봉오리가 발달하기 전인 원예적 성숙기에 수확합니다.",""
"2025","재배학 및 원예작물학","69. 다음이 설명하는 과수의 가지 관리방법은? ○ 신초의 생장을 일시적으로 억제하여 착과율을 높인다. ○ 그해에 새 가지를 분지시켜 원가지나 곁가지를 구성시킨다. ○ 웃자람을 방지하기 위해서 실시한다.","1. 환상박피","2. 순지르기","3. 가지유인","4. 가지비틀기","2","자라고 있는 가지의 끝부분을 제거하여 생장을 억제하고 분지를 유도하는 것은 순지르기입니다.",""
"2025","재배학 및 원예작물학","70. 호광성 식물을 저광도에서 재배할 경우 나타나는 현상으로 옳지 않은 것은?","1. 줄기의 마디 사이가 길어진다.","2. 잎이 넓어지고 얇아진다.","3. 단위면적당 잎의 수가 증가한다.","4. 줄기가 가늘어진다.","3","저광도에서는 광합성 효율이 떨어져 잎의 크기는 커질 수 있으나 전체적인 잎의 수는 감소합니다.",""
"2025","재배학 및 원예작물학","71. 작물의 수확 후 주요 생리에 관한 설명으로 옳은 것은?","1. 에틸렌은 고체 상태로 원예작물의 성숙과 숙성과정을 촉진하는 호르몬이다.","2. 증산작용을 억제하려면 원예산물과 대기와의 수증기압포차를 증가시켜야 한다.","3. 성숙과정 양상 중 호흡비급등형 과실에는 포도와 가지가 있다.","4. 호흡에 의한 호흡열은 주위의 온도를 높여 대사 작용을 가속화시키고 저장 중 냉각 부하를 저하시킨다.","3","포도와 가지는 수확 후 호흡량이 급격히 증가하지 않는 호흡비급등형 과실입니다.",""
"2025","재배학 및 원예작물학","72. 절화수명이 저온에서 연장되는 원리에 관한 설명으로 옳지 않은 것은?","1. 곰팡이병 발생 억제로 관상가치 유지","2. 증산 억제로 수분 균형 유지","3. 호르몬 생합성 촉진으로 노화 억제","4. 호흡 억제로 저장양분 소모 감소","3","저온은 호르몬 생합성과 대사 작용을 억제하여 노화를 늦춥니다.",""
"2025","재배학 및 원예작물학","73. 다음 두 가지 온실 냉방법의 냉각 원리는? ㄱ. 팬앤드패드(fan & pad) 방법 ㄴ. 팬앤드포그(fan & fog) 방법","1. ㄱ: 응축냉각, ㄴ: 기화냉각","2. ㄱ: 기화냉각, ㄴ: 응축냉각","3. ㄱ: 응축냉각, ㄴ: 응축냉각","4. ㄱ: 기화냉각, ㄴ: 기화냉각","4","두 방식 모두 물이 증발할 때 주변 열을 흡수하는 기화냉각 원리를 이용합니다.",""
"2025","재배학 및 원예작물학","74. 벤로형(Venlo) 온실에 관한 설명이다. ( )에 들어갈 내용으로 옳은 것은? [벤로형 온실은 서까래의 간격이 넓어지기 때문에 골조가 적게 들어 ( ㄱ )이 감소한다. 이에 따라 온실의 ( ㄴ )이 증가한다.]","1. ㄱ: 골조율, ㄴ: 산란율","2. ㄱ: 골조율, ㄴ: 투광률","3. ㄱ: 투광률, ㄴ: 골조율","4. ㄱ: 투광률, ㄴ: 산란율","2","골조가 적어지면 빛을 가리는 면적이 줄어들어 골조율이 감소하고 투광률이 높아집니다.",""
"2025","재배학 및 원예작물학","75. 시설원예용 인공조명 중 고압나트륨등에 관한 설명이다. ( )에 들어갈 내용으로 옳은 것은? [식물 재배에 고압나트륨등을 단독 사용하면 500 nm 이하의 ( ㄱ )이 적기 때문에 ( ㄴ )될 가능성이 있다. 하지만 일반 온실의 보광용으로는 단독 사용해도 문제가 없다.]","1. ㄱ: 청색광, ㄴ: 왜화","2. ㄱ: 원적색광, ㄴ: 도장","3. ㄱ: 청색광, ㄴ: 도장","4. ㄱ: 원적색광, ㄴ: 왜화","3","고압나트륨등은 청색광이 부족하여 단독 사용 시 줄기가 비정상적으로 길어지는 도장 현상이 발생할 수 있습니다.",""